{
  "menu": [
    {
      "name": "Dashboards",
      "badge": "2",
      "badgeClass": "badge badge-light-warning badge-pill ml-auto mr-1",
      "icon": "home",
      "slug": "",
      "submenu": [
        {
          "url": "dashboard/analytics",
          "name": "Analytics",
          "icon": "circle",
          "slug": "dashboard-analytics"
        },
        {
          "url": "/",
          "name": "eCommerce",
          "icon": "circle",
          "slug": "dashboard-ecommerce"
        }
      ]
    },

    {
      "name": "User",
      "icon": "user",
      "slug": "",
      "submenu": [
        {
          "url": "app/user/list",
          "name": "List",
          "icon": "circle",
          "slug": "app-user-list"
        },
        {
          "url": "app/user/view",
          "name": "View",
          "icon": "circle",
          "slug": "app-user-view"
        },
        {
          "url": "app/user/edit",
          "name": "Edit",
          "icon": "circle",
          "slug": "app-user-edit"
        }
      ]
    },

    {
      "url": "form/wizard",
      "name": "Form Wizard",
      "icon": "package",
      "slug": "form-wizard"
    },
    {
      "url": "form/validation",
      "name": "Form Validation",
      "icon": "check-circle",
      "slug": "form-validation"
    }
    
  ]
}
